"Date","Province","CaseCounts"
2020-04-04,"AB",745.183355034172
2020-04-05,"AB",854.266552470417
2020-04-06,"AB",970.373007757583
2020-04-07,"AB",1092.94987541237
2020-04-08,"AB",1221.45781819322
2020-04-09,"AB",1355.37100710028
2020-04-10,"AB",1494.17712137547
2020-04-11,"AB",1637.37734850241
2020-04-12,"AB",1784.48638420647
2020-04-13,"AB",1935.03243245476
2020-04-14,"AB",2088.55720545609
2020-04-15,"AB",2244.61592366104
2020-04-16,"AB",2402.77731576189
2020-04-17,"AB",2562.62361869269
2020-04-18,"AB",2723.7505776292
2020-04-19,"AB",2885.76744598891
2020-04-20,"AB",3048.29698543105
2020-04-21,"AB",3210.97546585658
2020-04-22,"AB",3373.4526654082
2020-04-23,"AB",3535.39187047033
2020-04-24,"AB",3696.46987566914
2020-04-25,"AB",3856.37698387253
2020-04-26,"AB",4014.8170061901
2020-04-27,"AB",4171.50726197324
2020-04-28,"AB",4326.17857881503
2020-04-29,"AB",4478.57529255029
2020-04-30,"AB",4628.45524725559
2020-05-01,"AB",4775.58979524921
2020-05-02,"AB",4919.76379709118
2020-05-03,"AB",5060.77562158326
2020-05-04,"AB",5198.43714576894
2020-05-05,"AB",5332.57375493344
2020-05-06,"AB",5463.02434260372
2020-05-07,"AB",5589.64131054846
2020-05-08,"AB",5712.2905687781
2020-05-09,"AB",5830.85153554478
2020-05-10,"AB",5945.21713734239
2020-05-11,"AB",6055.29380890655
2020-05-12,"AB",6161.00149321462
2020-05-13,"AB",6262.27364148568
2020-05-14,"AB",6359.05721318056
2020-05-15,"AB",6451.31267600181
2020-05-16,"AB",6539.01400589371
2020-05-17,"AB",6622.14868704228
2020-05-18,"AB",6700.71771187527
2020-05-19,"AB",6774.73558106217
2020-05-20,"AB",6844.23030351419
2020-05-21,"AB",6909.24339638429
2020-05-22,"AB",6969.82988506715
2020-05-23,"AB",7026.05830319919
2020-05-24,"AB",7078.01069265855
2020-05-25,"AB",7125.78260356511
2020-05-26,"AB",7169.4830942805
2020-05-27,"AB",7209.23473140806
2020-05-28,"AB",7245.17358979287
2020-05-29,"AB",7277.44925252175
2020-05-30,"AB",7306.22481092323
2020-05-31,"AB",7331.67686456762
2020-06-01,"AB",7353.9955212669
2020-06-02,"AB",7373.38439707484
2020-06-03,"AB",7390.0606162869
2020-06-04,"AB",7404.25481144031
2020-06-05,"AB",7416.21112331401
2020-06-06,"AB",7426.18720092867
2020-06-07,"AB",7434.4542015467
2020-06-08,"AB",7441.2963440022
2020-06-09,"AB",7447.00267853725
2020-06-10,"AB",7451.85524754418
2020-06-11,"AB",7456.12737321132
2020-06-12,"AB",7460.08365680826
2020-06-13,"AB",7463.9799786859
2020-06-14,"AB",7468.06349827642
2020-06-15,"AB",7472.57265409329
2020-06-16,"AB",7477.73716373129
2020-06-17,"AB",7483.77802386647
2020-06-18,"AB",7490.90751025618
2020-06-19,"AB",7499.32917773905
2020-06-20,"AB",7509.23786023501
2020-06-21,"AB",7520.8196707453
2020-06-22,"AB",7534.25200135241
2020-06-23,"AB",7549.70352322015
2020-06-24,"AB",7567.33418659362
2020-06-25,"AB",7587.29522079919
2020-06-26,"AB",7609.72913424455
2020-06-27,"AB",7634.76971441867
2020-06-28,"AB",7662.54202789179
2020-06-29,"AB",7693.16242031547
2020-06-30,"AB",7726.73851642254
2020-07-01,"AB",7763.36922002715
2020-07-02,"AB",7803.1447140247
2020-07-03,"AB",7846.14646039192
2020-07-04,"AB",7892.4472001868
2020-07-05,"AB",7942.11095354864
2020-07-06,"AB",7995.19301969802
2020-07-07,"AB",8051.73997693682
2020-07-08,"AB",8111.78968264822
2020-07-09,"AB",8175.37127329665
2020-07-10,"AB",8242.50516442789
2020-07-11,"AB",8313.20305066895
2020-07-12,"AB",8387.46790572819
2020-07-13,"AB",8465.29398239521
2020-07-14,"AB",8546.66681254094
2020-07-15,"AB",8631.56320711757
2020-07-16,"AB",8719.9512561586
2020-07-17,"AB",8811.79032877882
2020-07-18,"AB",8907.0310731743
2020-07-19,"AB",9005.61541662241
2020-07-20,"AB",9107.47656548182
2020-07-21,"AB",9212.53900519246
2020-07-22,"AB",9320.71850027559
2020-07-23,"AB",9431.92209433372
2020-07-24,"AB",9546.04811005069
2020-07-25,"AB",9662.98614919161
2020-07-26,"AB",9782.61709260289
2020-07-27,"AB",9904.81310021221
2020-07-28,"AB",10029.4376110286
2020-07-29,"AB",10156.3453431422
2020-07-30,"AB",10285.3822937248
2020-07-31,"AB",10416.3857390291
2020-08-01,"AB",10549.1842343893
2020-08-02,"AB",10683.5976142208
2020-08-03,"AB",10819.4369920204
2020-08-04,"AB",10956.5047603661
2020-08-05,"AB",11094.5945909171
2020-08-06,"AB",11233.4914344142
2020-08-07,"AB",11372.9715206792
2020-08-08,"AB",11512.8023586153
2020-08-09,"AB",11652.742736207
2020-08-10,"AB",11792.54272052
2020-08-11,"AB",11931.9438633788
2020-08-12,"AB",12070.6862072563
2020-08-13,"AB",12208.5228241004
2020-08-14,"AB",12345.2230419004
2020-08-15,"AB",12480.572457541
2020-08-16,"AB",12614.3729368031
2020-08-17,"AB",12746.4426143633
2020-08-18,"AB",12876.6158937939
2020-08-19,"AB",13004.7434475633
2020-08-20,"AB",13130.6922170354
2020-08-21,"AB",13254.3454124703
2020-08-22,"AB",13375.6025130236
2020-08-23,"AB",13494.3792667469
2020-08-24,"AB",13610.6076905876
2020-08-25,"AB",13724.2360703889
2020-08-26,"AB",13835.2289608899
2020-08-27,"AB",13943.5671857254
2020-08-28,"AB",14049.2478374262
2020-08-29,"AB",14152.2842774188
2020-08-30,"AB",14252.7061360255
2020-08-31,"AB",14350.5593124646
2020-09-01,"AB",14445.9059748501
2020-09-02,"AB",14538.8245601919
2020-09-03,"AB",14629.4097743956
2020-09-04,"AB",14717.7725922627
2020-09-05,"AB",14804.0402574906
2020-09-06,"AB",14888.3562826725
2020-09-07,"AB",14970.8804492973
2020-09-08,"AB",15051.78880775
2020-09-09,"AB",15131.2736773111
2020-09-10,"AB",15209.5436461572
2020-09-11,"AB",15286.8235713605
2020-09-12,"AB",15363.3545788893
2020-09-13,"AB",15439.3940636075
2020-09-14,"AB",15515.2156892749
2020-09-15,"AB",15591.1093885471
2020-09-16,"AB",15667.3813629757
2020-09-17,"AB",15744.3540830079
2020-09-18,"AB",15822.3662879868
2020-09-19,"AB",15901.7729861514
2020-09-20,"AB",15982.9454546365
2020-09-21,"AB",16066.2712394727
2020-09-22,"AB",16152.1541555864
2020-09-23,"AB",16241.0142868
2020-09-24,"AB",16333.2879858314
2020-09-25,"AB",16429.4278742947
2020-09-26,"AB",16529.9028426996
2020-09-27,"AB",16635.1980504517
2020-09-28,"AB",16745.8149258524
2020-09-29,"AB",16862.271166099
2020-09-30,"AB",16985.1007372845
2020-10-01,"AB",17114.8538743978
2020-10-02,"AB",17252.0970813237
2020-10-03,"AB",17397.4131308428
2020-10-04,"AB",17551.4010646314
2020-10-05,"AB",17714.6761932618
2020-10-06,"AB",17887.870096202
2020-10-07,"AB",18071.6306218159
2020-10-08,"AB",18266.6218873632
2020-10-09,"AB",18473.5242789994
2020-10-10,"AB",18693.034451776
2020-10-11,"AB",18925.8653296402
2020-10-12,"AB",19172.7461054348
2020-10-13,"AB",19434.4222408989
2020-10-14,"AB",19711.6553352385
2020-10-15,"AB",20005.2131365531
2020-10-16,"AB",20315.8393132567
2020-10-17,"AB",20644.2434655043
2020-10-18,"AB",20991.100993763
2020-10-19,"AB",21357.0530988121
2020-10-20,"AB",21742.706781743
2020-10-21,"AB",22148.6348439594
2020-10-22,"AB",22575.3758871772
2020-10-23,"AB",23023.4343134245
2020-10-24,"AB",23493.2803250414
2020-10-25,"AB",23985.3499246806
2020-10-26,"AB",24500.0449153065
2020-10-27,"AB",25037.7329001961
2020-10-28,"AB",25598.7472829383
2020-10-29,"AB",26183.3872674344
2020-10-30,"AB",26791.9178578978
2020-10-31,"AB",27424.5698588541
2020-11-01,"AB",28081.5398751412
2020-11-02,"AB",28762.9903119089
2020-11-03,"AB",29469.0493746195
2020-11-04,"AB",30199.8110690473
2020-11-05,"AB",30955.335201279
2020-11-06,"AB",31735.6473777133
2020-11-07,"AB",32540.7390050612
2020-11-08,"AB",33370.5672903457
2020-11-09,"AB",34225.0552409023
2020-11-10,"AB",35104.0916643785
2020-11-11,"AB",36007.5311687341
2020-11-12,"AB",36935.1941622408
2020-11-13,"AB",37886.866853483
2020-11-14,"AB",38862.3012513568
2020-11-15,"AB",39861.2151650708
2020-11-16,"AB",40883.2922041456
2020-11-17,"AB",41928.1817784143
2020-11-18,"AB",42995.4990980217
2020-11-19,"AB",44084.8251734253
2020-11-20,"AB",45195.7068153945
2020-11-21,"AB",46327.6566350109
2020-11-22,"AB",47480.1530436684
2020-11-23,"AB",48652.6402530731
2020-11-24,"AB",49844.5282752432
2020-11-25,"AB",51055.1929225091
2020-11-26,"AB",52283.9758075135
2020-11-27,"AB",53530.1843432111
2020-11-28,"AB",54793.0917428691
2020-11-29,"AB",56071.9370200665
2020-11-30,"AB",57365.9249886948
2020-12-01,"AB",58674.2262629576
2020-12-02,"AB",59995.9772573707
2020-12-03,"AB",61330.280186762
2020-12-04,"AB",62676.2030662718
2020-12-05,"AB",64032.7797113523
2020-12-06,"AB",65399.0097377682
2020-12-07,"AB",66773.8585615962
2020-12-08,"AB",68156.2573992252
2020-12-09,"AB",69545.1032673564
2020-12-10,"AB",70939.2589830031
2020-12-11,"AB",72337.5531634909
2020-12-12,"AB",73738.7802264573
2020-12-13,"AB",75141.7003898525
2020-12-14,"AB",76545.0396719384
2020-12-15,"AB",77947.4898912894
2020-12-16,"AB",79347.7086667919
2020-12-17,"AB",80744.3194585723
2020-12-18,"AB",82135.921840841
2020-12-19,"AB",83521.137791083
2020-12-20,"AB",84898.6339956358
2020-12-21,"AB",86267.1225045322
2020-12-22,"AB",87625.3607315003
2020-12-23,"AB",88972.1514539634
2020-12-24,"AB",90306.3428130401
2020-12-25,"AB",91626.8283135443
2020-12-26,"AB",92932.546823985
2020-12-27,"AB",94222.4825765666
2020-12-28,"AB",95495.6651671887
2020-12-29,"AB",96751.1695554462
2020-12-30,"AB",97988.1160646292
2020-12-31,"AB",99205.6703817232
2021-01-01,"AB",100403.043557409
2021-01-02,"AB",101579.492006062
2021-01-03,"AB",102734.317505754
2021-01-04,"AB",103866.867198251
2021-01-05,"AB",104976.533589014
2021-01-06,"AB",106062.754547202
2021-01-07,"AB",107125.013305665
2021-01-08,"AB",108162.838460952
2021-01-09,"AB",109175.803973305
2021-01-10,"AB",110163.529166662
2021-01-11,"AB",111125.678728657
2021-01-12,"AB",112061.962710618
2021-01-13,"AB",112972.136527568
2021-01-14,"AB",113856.000958227
2021-01-15,"AB",114713.402145009
2021-01-16,"AB",115544.231594023
2021-01-17,"AB",116348.426175075
2021-01-18,"AB",117125.968121664
2021-01-19,"AB",117876.885030986
2021-01-20,"AB",118601.249863931
2021-01-21,"AB",119299.180945085
2021-01-22,"AB",119970.841962729
2021-01-23,"AB",120616.44196884
2021-01-24,"AB",121236.235379089
2021-01-25,"AB",121830.521972844
2021-01-26,"AB",122399.646893165
2021-01-27,"AB",122944.000646811
2021-01-28,"AB",123464.019104234
2021-01-29,"AB",123960.183499582
2021-01-30,"AB",124433.020430699
2021-01-31,"AB",124883.101859122
2021-02-01,"AB",125311.045110086
2021-02-02,"AB",125717.512872519
2021-02-03,"AB",126103.213199045
2021-02-04,"AB",126468.899505985
2021-02-05,"AB",126815.370573352
2021-02-06,"AB",127143.470544857
2021-02-07,"AB",127454.088927905
2021-02-08,"AB",127748.160593597
2021-02-09,"AB",128026.665776728
2021-02-10,"AB",128290.630075788
2021-02-11,"AB",128541.124452966
2021-02-12,"AB",128779.265234141
2021-02-13,"AB",129006.214108891
2021-02-14,"AB",129223.178130489
2021-02-15,"AB",129431.4097159
2021-02-16,"AB",129632.206645788
2021-02-17,"AB",129826.912064511
2021-02-18,"AB",130016.914480121
2021-02-19,"AB",130203.647761705
2021-02-20,"AB",130388.584759771
2021-02-21,"AB",130573.19319748
2021-02-22,"AB",130758.905008049
2021-02-23,"AB",130947.114670619
2021-02-24,"AB",131139.179210255
2021-02-25,"AB",131336.418197947
2021-02-26,"AB",131540.113750608
2021-02-27,"AB",131751.510531078
2021-02-28,"AB",131971.81574812
2021-03-01,"AB",132202.199156422
2021-03-02,"AB",132443.793056596
2021-03-03,"AB",132697.692295179
2021-03-04,"AB",132964.954264632
2021-03-05,"AB",133246.598903342
2021-03-06,"AB",133543.608695619
2021-03-07,"AB",133856.928671697
2021-03-08,"AB",134187.466407737
2021-03-09,"AB",134536.092025822
2021-03-10,"AB",134903.63819396
2021-03-11,"AB",135290.900126085
2021-03-12,"AB",135698.635582054
2021-03-13,"AB",136127.564867649
2021-03-14,"AB",136578.370834577
2021-03-15,"AB",137051.698880469
2021-03-16,"AB",137548.15694888
2021-03-17,"AB",138068.315529291
2021-03-18,"AB",138612.707657106
2021-03-19,"AB",139181.828913654
2021-03-20,"AB",139776.137426189
2021-03-21,"AB",140396.053867889
2021-03-22,"AB",141041.961457857
2021-03-23,"AB",141714.20596112
2021-03-24,"AB",142413.09568863
2021-03-25,"AB",143138.901497262
2021-03-26,"AB",143891.856789818
2021-03-27,"AB",144672.157515024
2021-03-28,"AB",145479.962167527
2021-03-29,"AB",146315.391787904
2021-03-30,"AB",147178.529962653
2021-03-31,"AB",148069.422824197
2021-04-01,"AB",148988.079050884
2021-04-02,"AB",149934.469866987
2021-04-03,"AB",150908.529042701
2021-04-04,"AB",151910.15289415
2021-04-05,"AB",152939.200283378
2021-04-06,"AB",153995.492618356
2021-04-07,"AB",155078.813852979
2021-04-08,"AB",156188.910487067
2021-04-09,"AB",157325.491566363
2021-04-10,"AB",158488.228682536
2021-04-11,"AB",159676.755973179
2021-04-12,"AB",160890.67012181
2021-04-13,"AB",162129.530357871
2021-04-14,"AB",163392.858456727
2021-04-15,"AB",164680.138739671
2021-04-16,"AB",165990.818073917
2021-04-17,"AB",167324.305872607
2021-04-18,"AB",168679.974094804
2021-04-19,"AB",170057.157245498
2021-04-20,"AB",171455.152375602
2021-04-21,"AB",172873.219081955
2021-04-22,"AB",174310.579507319
2021-04-23,"AB",175766.418340382
2021-04-24,"AB",177239.882815755
2020-04-04,"BC",1213.50074902967
2020-04-05,"BC",1232.13049869447
2020-04-06,"BC",1252.75618170215
2020-04-07,"BC",1275.23434506424
2020-04-08,"BC",1299.42501028597
2020-04-09,"BC",1325.1916733663
2020-04-10,"BC",1352.40130479791
2020-04-11,"BC",1380.92434956718
2020-04-12,"BC",1410.63472715422
2020-04-13,"BC",1441.40983153285
2020-04-14,"BC",1473.1305311706
2020-04-15,"BC",1505.68116902872
2020-04-16,"BC",1538.94956256218
2020-04-17,"BC",1572.82700371966
2020-04-18,"BC",1607.20825894355
2020-04-19,"BC",1641.99156916997
2020-04-20,"BC",1677.07864982875
2020-04-21,"BC",1712.37469084342
2020-04-22,"BC",1747.78835663124
2020-04-23,"BC",1783.23178610319
2020-04-24,"BC",1818.62059266395
2020-04-25,"BC",1853.87386421193
2020-04-26,"BC",1888.91416313925
2020-04-27,"BC",1923.66752633174
2020-04-28,"BC",1958.06346516895
2020-04-29,"BC",1992.03496552415
2020-04-30,"BC",2025.51848776432
2020-05-01,"BC",2058.45396675015
2020-05-02,"BC",2090.78481183606
2020-05-03,"BC",2122.45790687017
2020-05-04,"BC",2153.42361019433
2020-05-05,"BC",2183.63575464409
2020-05-06,"BC",2213.05164754872
2020-05-07,"BC",2241.63207073122
2020-05-08,"BC",2269.34128050828
2020-05-09,"BC",2296.14700769033
2020-05-10,"BC",2322.0204575815
2020-05-11,"BC",2346.93630997964
2020-05-12,"BC",2370.87271917631
2020-05-13,"BC",2393.81131395681
2020-05-14,"BC",2415.73719760011
2020-05-15,"BC",2436.63894787894
2020-05-16,"BC",2456.50861705971
2020-05-17,"BC",2475.34173190258
2020-05-18,"BC",2493.1372936614
2020-05-19,"BC",2509.89777808374
2020-05-20,"BC",2525.6291354109
2020-05-21,"BC",2540.34079037786
2020-05-22,"BC",2554.04564221336
2020-05-23,"BC",2566.76006463983
2020-05-24,"BC",2578.50390587341
2020-05-25,"BC",2589.30048862398
2020-05-26,"BC",2599.17661009511
2020-05-27,"BC",2608.16254198409
2020-05-28,"BC",2616.29203048195
2020-05-29,"BC",2623.6022962734
2020-05-30,"BC",2630.13403453689
2020-05-31,"BC",2635.93141494458
2020-06-01,"BC",2641.04208166233
2020-06-02,"BC",2645.51715334974
2020-06-03,"BC",2649.41122316011
2020-06-04,"BC",2652.78235874046
2020-06-05,"BC",2655.69210223152
2020-06-06,"BC",2658.20547026775
2020-06-07,"BC",2660.3909539773
2020-06-08,"BC",2662.32041156715
2020-06-09,"BC",2664.06708913899
2020-06-10,"BC",2665.70277359265
2020-06-11,"BC",2667.29738084037
2020-06-12,"BC",2668.91895563488
2020-06-13,"BC",2670.63367156944
2020-06-14,"BC",2672.50583107782
2020-06-15,"BC",2674.5978654343
2020-06-16,"BC",2676.97033475368
2020-06-17,"BC",2679.68192799127
2020-06-18,"BC",2682.78946294291
2020-06-19,"BC",2686.34788624492
2020-06-20,"BC",2690.41027337417
2020-06-21,"BC",2695.02782864803
2020-06-22,"BC",2700.24988522439
2020-06-23,"BC",2706.12390510165
2020-06-24,"BC",2712.69547911872
2020-06-25,"BC",2720.00832695503
2020-06-26,"BC",2728.10429713053
2020-06-27,"BC",2737.02336700569
2020-06-28,"BC",2746.80364278146
2020-06-29,"BC",2757.48135949935
2020-06-30,"BC",2769.09088104135
2020-07-01,"BC",2781.66470012999
2020-07-02,"BC",2795.2334383283
2020-07-03,"BC",2809.82584603982
2020-07-04,"BC",2825.46880250862
2020-07-05,"BC",2842.18731581928
2020-07-06,"BC",2860.00452289688
2020-07-07,"BC",2878.94168950704
2020-07-08,"BC",2899.01821025587
2020-07-09,"BC",2920.25160859002
2020-07-10,"BC",2942.65753679662
2020-07-11,"BC",2966.24977600336
2020-07-12,"BC",2991.04023617839
2020-07-13,"BC",3017.03895613044
2020-07-14,"BC",3044.25410350869
2020-07-15,"BC",3072.69197480288
2020-07-16,"BC",3102.35699534324
2020-07-17,"BC",3133.25171930053
2020-07-18,"BC",3165.37682968601
2020-07-19,"BC",3198.73113835147
2020-07-20,"BC",3233.31158598921
2020-07-21,"BC",3269.11324213204
2020-07-22,"BC",3306.12930515328
2020-07-23,"BC",3344.35110226678
2020-07-24,"BC",3383.76808952688
2020-07-25,"BC",3424.36785182848
2020-07-26,"BC",3466.13610290694
2020-07-27,"BC",3509.05668533817
2020-07-28,"BC",3553.11157053858
2020-07-29,"BC",3598.2808587651
2020-07-30,"BC",3644.54277911519
2020-07-31,"BC",3691.87368952679
2020-08-01,"BC",3740.24807677838
2020-08-02,"BC",3789.63855648895
2020-08-03,"BC",3840.015873118
2020-08-04,"BC",3891.34889996555
2020-08-05,"BC",3943.60463917213
2020-08-06,"BC",3996.74822171879
2020-08-07,"BC",4050.74290742709
2020-08-08,"BC",4105.55008495911
2020-08-09,"BC",4161.12927181744
2020-08-10,"BC",4217.43811434517
2020-08-11,"BC",4274.43244138616
2020-08-12,"BC",4332.06809208581
2020-08-13,"BC",4390.30470899721
2020-08-14,"BC",4449.10657987558
2020-08-15,"BC",4508.44264103209
2020-08-16,"BC",4568.28647733386
2020-08-17,"BC",4628.6163222039
2020-08-18,"BC",4689.4150576212
2020-08-19,"BC",4750.67021412064
2020-08-20,"BC",4812.37397079306
2020-08-21,"BC",4874.52315528522
2020-08-22,"BC",4937.11924379982
2020-08-23,"BC",5000.1683610955
2020-08-24,"BC",5063.6812804868
2020-08-25,"BC",5127.67342384423
2020-08-26,"BC",5192.16486159421
2020-08-27,"BC",5257.18031271911
2020-08-28,"BC",5322.74914475721
2020-08-29,"BC",5388.90537380274
2020-08-30,"BC",5455.68766450586
2020-08-31,"BC",5523.13933007265
2020-09-01,"BC",5591.30833226515
2020-09-02,"BC",5660.24728140129
2020-09-03,"BC",5730.01343635498
2020-09-04,"BC",5800.66870455603
2020-09-05,"BC",5872.27964199019
2020-09-06,"BC",5944.91745319915
2020-09-07,"BC",6018.65799128053
2020-09-08,"BC",6093.58175788787
2020-09-09,"BC",6169.77390323066
2020-09-10,"BC",6247.32422607431
2020-09-11,"BC",6326.32717374018
2020-09-12,"BC",6406.88184210553
2020-09-13,"BC",6489.09197560359
2020-09-14,"BC",6573.06596722351
2020-09-15,"BC",6658.91685851034
2020-09-16,"BC",6746.76233956512
2020-09-17,"BC",6836.72474904478
2020-09-18,"BC",6928.93107416219
2020-09-19,"BC",7023.51295068617
2020-09-20,"BC",7120.60666294146
2020-09-21,"BC",7220.35314380872
2020-09-22,"BC",7322.89797472456
2020-09-23,"BC",7428.39138568153
2020-09-24,"BC",7536.98825522809
2020-09-25,"BC",7648.84811046865
2020-09-26,"BC",7764.13512706354
2020-09-27,"BC",7883.01812922903
2020-09-28,"BC",8005.67058973732
2020-09-29,"BC",8132.27062991654
2020-09-30,"BC",8263.00101965077
2020-10-01,"BC",8398.04917737999
2020-10-02,"BC",8537.60717010015
2020-10-03,"BC",8681.87171336309
2020-10-04,"BC",8831.04417127663
2020-10-05,"BC",8985.33055650449
2020-10-06,"BC",9144.94153026633
2020-10-07,"BC",9310.09240233774
2020-10-08,"BC",9481.00313105025
2020-10-09,"BC",9657.89832329132
2020-10-10,"BC",9841.00723450433
2020-10-11,"BC",10030.5637686886
2020-10-12,"BC",10226.8064783995
2020-10-13,"BC",10429.978564748
2020-10-14,"BC",10640.3278346827
2020-10-15,"BC",10858.1034543665
2020-10-16,"BC",11083.5461238723
2020-10-17,"BC",11316.8848305597
2020-10-18,"BC",11558.3368063568
2020-10-19,"BC",11808.1075277602
2020-10-20,"BC",12066.3907158346
2020-10-21,"BC",12333.3683362132
2020-10-22,"BC",12609.2105990974
2020-10-23,"BC",12894.0759592573
2020-10-24,"BC",13188.1111160309
2020-10-25,"BC",13491.4510133248
2020-10-26,"BC",13804.218839614
2020-10-27,"BC",14126.5260279418
2020-10-28,"BC",14458.4722559197
2020-10-29,"BC",14800.1454457277
2020-10-30,"BC",15151.6217641141
2020-10-31,"BC",15512.9656223957
2020-11-01,"BC",15884.2296764575
2020-11-02,"BC",16265.4548267527
2020-11-03,"BC",16656.6702183032
2020-11-04,"BC",17057.8932406991
2020-11-05,"BC",17469.1295280987
2020-11-06,"BC",17890.3729592289
2020-11-07,"BC",18321.6056573847
2020-11-08,"BC",18762.7979904297
2020-11-09,"BC",19213.9085707957
2020-11-10,"BC",19674.8842554829
2020-11-11,"BC",20145.6601460598
2020-11-12,"BC",20626.1595886633
2020-11-13,"BC",21116.2941739987
2020-11-14,"BC",21615.9637373396
2020-11-15,"BC",22125.0563585278
2020-11-16,"BC",22643.4483619737
2020-11-17,"BC",23171.004316656
2020-11-18,"BC",23707.5770361216
2020-11-19,"BC",24253.0075784858
2020-11-20,"BC",24807.1252464325
2020-11-21,"BC",25369.7475872136
2020-11-22,"BC",25940.6803926495
2020-11-23,"BC",26519.717699129
2020-11-24,"BC",27106.6417876092
2020-11-25,"BC",27701.2231836156
2020-11-26,"BC",28303.2206572419
2020-11-27,"BC",28912.3812231503
2020-11-28,"BC",29528.4401405714
2020-11-29,"BC",30151.1209133039
2020-11-30,"BC",30780.1352897152
2020-12-01,"BC",31415.1832627407
2020-12-02,"BC",32055.9530698844
2020-12-03,"BC",32702.1211932185
2020-12-04,"BC",33353.3523593837
2020-12-05,"BC",34009.299539589
2020-12-06,"BC",34669.6039496116
2020-12-07,"BC",35333.8950497972
2020-12-08,"BC",36001.7905450599
2020-12-09,"BC",36672.896384882
2020-12-10,"BC",37346.8067633143
2020-12-11,"BC",38023.1041189758
2020-12-12,"BC",38701.3591350539
2020-12-13,"BC",39381.1307393045
2020-12-14,"BC",40061.9661040517
2020-12-15,"BC",40743.4006461879
2020-12-16,"BC",41424.958027174
2020-12-17,"BC",42106.1501683401
2020-12-18,"BC",42786.4810914447
2020-12-19,"BC",43465.4642241397
2020-12-20,"BC",44142.6307390324
2020-12-21,"BC",44817.5297985023
2020-12-22,"BC",45489.7285547005
2020-12-23,"BC",46158.8121495502
2020-12-24,"BC",46824.3837147463
2020-12-25,"BC",47486.0643717559
2020-12-26,"BC",48143.4932318177
2020-12-27,"BC",48796.3273959425
2020-12-28,"BC",49444.2419549129
2020-12-29,"BC",50086.9299892835
2020-12-30,"BC",50724.1025693806
2020-12-31,"BC",51355.4887553027
2021-01-01,"BC",51980.8355969199
2021-01-02,"BC",52599.9081338744
2021-01-03,"BC",53212.4893955803
2021-01-04,"BC",53818.3804012235
2021-01-05,"BC",54417.4001597619
2021-01-06,"BC",55009.3856699253
2021-01-07,"BC",55594.1919202151
2021-01-08,"BC",56171.6918889051
2021-01-09,"BC",56741.7765440408
2021-01-10,"BC",57304.3548434394
2021-01-11,"BC",57859.3537346902
2021-01-12,"BC",58406.7181551544
2021-01-13,"BC",58946.4110319651
2021-01-14,"BC",59478.4132820272
2021-01-15,"BC",60002.7238120177
2021-01-16,"BC",60519.3595183852
2021-01-17,"BC",61028.3552873506
2021-01-18,"BC",61529.7639949063
2021-01-19,"BC",62023.6565068169
2021-01-20,"BC",62510.1216786187
2021-01-21,"BC",62989.26635562
2021-01-22,"BC",63461.215372901
2021-01-23,"BC",63926.1115553139
2021-01-24,"BC",64384.1157174826
2021-01-25,"BC",64835.406663803
2021-01-26,"BC",65280.1811884429
2021-01-27,"BC",65718.654075342
2021-01-28,"BC",66151.058098212
2021-01-29,"BC",66577.6440205363
2021-01-30,"BC",66998.6805955703
2021-01-31,"BC",67414.4545663414
2021-02-01,"BC",67825.2706656488
2021-02-02,"BC",68231.4516160636
2021-02-03,"BC",68633.3381299288
2021-02-04,"BC",69031.2889093593
2021-02-05,"BC",69425.680646242
2021-02-06,"BC",69816.9080222356
2021-02-07,"BC",70205.3837087707
2021-02-08,"BC",70591.5383670499
2021-02-09,"BC",70975.8206480475
2021-02-10,"BC",71358.69719251
2021-02-11,"BC",71740.6526309555
2021-02-12,"BC",72122.1895836743
2021-02-13,"BC",72503.8286607283
2021-02-14,"BC",72886.1084619515
2021-02-15,"BC",73269.5855769497
2021-02-16,"BC",73654.8345851008
2021-02-17,"BC",74042.4480555543
2021-02-18,"BC",74433.0365472317
2021-02-19,"BC",74827.2286076295
2021-02-20,"BC",75225.6679043434
2021-02-21,"BC",75628.9933923642
2021-02-22,"BC",76037.8255271997
2021-02-23,"BC",76452.765516629
2021-02-24,"BC",76874.3953207019
2021-02-25,"BC",77303.2776517395
2021-02-26,"BC",77739.955974334
2021-02-27,"BC",78184.9545053485
2021-02-28,"BC",78638.7782139176
2021-03-01,"BC",79101.9128214465
2021-03-02,"BC",79574.8248016118
2021-03-03,"BC",80057.961380361
2021-03-04,"BC",80551.7505359128
2021-03-05,"BC",81056.6009987571
2021-03-06,"BC",81572.9022516546
2021-03-07,"BC",82101.0245296373
2021-03-08,"BC",82641.3188200083
2021-03-09,"BC",83194.1168623415
2021-03-10,"BC",83759.7311484823
2021-03-11,"BC",84338.454922547
2021-03-12,"BC",84930.5621809229
2021-03-13,"BC",85536.3076722683
2021-03-14,"BC",86155.9268975131
2021-03-15,"BC",86789.6361098577
2021-03-16,"BC",87437.6323147739
2021-03-17,"BC",88100.0932700045
2021-03-18,"BC",88777.1774855633
2021-03-19,"BC",89469.0242237355
2021-03-20,"BC",90175.7534990771
2021-03-21,"BC",90897.4660784151
2021-03-22,"BC",91634.2434808479
2021-03-23,"BC",92386.1479777448
2021-03-24,"BC",93153.2225927463
2021-03-25,"BC",93935.4911017638
2021-03-26,"BC",94732.9580329799
2021-03-27,"BC",95545.6086668483
2021-03-28,"BC",96373.4090360939
2021-03-29,"BC",97216.3059257124
2021-03-30,"BC",98074.2268729708
2021-03-31,"BC",98947.0801674071
2021-04-01,"BC",99834.7548508305
2021-04-02,"BC",100737.120717321
2021-04-03,"BC",101654.02831323
2021-04-04,"BC",102585.308937181
2021-04-05,"BC",103530.774640065
2021-04-06,"BC",104490.218225049
2021-04-07,"BC",105463.413247567
2021-04-08,"BC",106450.114015326
2021-04-09,"BC",107450.055588305
2021-04-10,"BC",108462.953778752
2021-04-11,"BC",109488.505151186
2021-04-12,"BC",110526.3870224
2021-04-13,"BC",111576.257461456
2021-04-14,"BC",112637.755289685
2021-04-15,"BC",113710.500080694
2021-04-16,"BC",114794.092160357
2021-04-17,"BC",115888.112606821
2021-04-18,"BC",116992.123250504
2021-04-19,"BC",118105.666674093
2021-04-20,"BC",119228.26621255
2021-04-21,"BC",120359.425953104
2021-04-22,"BC",121498.630735258
2021-04-23,"BC",122645.346150785
2021-04-24,"BC",123799.018543728
2020-04-04,"MB",-100.57682511037
2020-04-05,"MB",-31.1801547896755
2020-04-06,"MB",31.9863359678535
2020-04-07,"MB",89.2141184648874
2020-04-08,"MB",140.788782551982
2020-04-09,"MB",186.990036627579
2020-04-10,"MB",228.091707638006
2020-04-11,"MB",264.361741077473
2020-04-12,"MB",296.06220098808
2020-04-13,"MB",323.449269959807
2020-04-14,"MB",346.773249130524
2020-04-15,"MB",366.278558185984
2020-04-16,"MB",382.203735359825
2020-04-17,"MB",394.781437433571
2020-04-18,"MB",404.238439736632
2020-04-19,"MB",410.795636146301
2020-04-20,"MB",414.66803908776
2020-04-21,"MB",416.064779534073
2020-04-22,"MB",415.18910700619
2020-04-23,"MB",412.238389572947
2020-04-24,"MB",407.404113851066
2020-04-25,"MB",400.871885005153
2020-04-26,"MB",392.821426747699
2020-04-27,"MB",383.426581339082
2020-04-28,"MB",372.855309587564
2020-04-29,"MB",361.269690849293
2020-04-30,"MB",348.825923028301
2020-05-01,"MB",335.674322576507
2020-05-02,"MB",321.959324493714
2020-05-03,"MB",307.819482327612
2020-05-04,"MB",293.387468173774
2020-05-05,"MB",278.79007267566
2020-05-06,"MB",264.148205024615
2020-05-07,"MB",249.57689295987
2020-05-08,"MB",235.185282768538
2020-05-09,"MB",221.076639285622
2020-05-10,"MB",207.348345894007
2020-05-11,"MB",194.091904524465
2020-05-12,"MB",181.392935655651
2020-05-13,"MB",169.33117831411
2020-05-14,"MB",157.980490074267
2020-05-15,"MB",147.408847058435
2020-05-16,"MB",137.678343936812
2020-05-17,"MB",128.845193927481
2020-05-18,"MB",120.959728796412
2020-05-19,"MB",114.066398857457
2020-05-20,"MB",108.203772972356
2020-05-21,"MB",103.404538550734
2020-05-22,"MB",99.6955015500996
2020-05-23,"MB",97.0975864758485
2020-05-24,"MB",95.6258363812611
2020-05-25,"MB",95.2894128675032
2020-05-26,"MB",96.0915960836257
2020-05-27,"MB",98.0297847265648
2020-05-28,"MB",101.095496041142
2020-05-29,"MB",105.274365820065
2020-05-30,"MB",110.546148403926
2020-05-31,"MB",116.884716681201
2020-06-01,"MB",124.258062088255
2020-06-02,"MB",132.628294609335
2020-06-03,"MB",141.951642776574
2020-06-04,"MB",152.178453669993
2020-06-05,"MB",163.253192917493
2020-06-06,"MB",175.114444694866
2020-06-07,"MB",187.694911725786
2020-06-08,"MB",200.92157819725
2020-06-09,"MB",214.718711574259
2020-06-10,"MB",229.012180771233
2020-06-11,"MB",243.73008070463
2020-06-12,"MB",258.802732553612
2020-06-13,"MB",274.162683760043
2020-06-14,"MB",289.744708028492
2020-06-15,"MB",305.485805326231
2020-06-16,"MB",321.325201883235
2020-06-17,"MB",337.204350192184
2020-06-18,"MB",353.066929008458
2020-06-19,"MB",368.858843350143
2020-06-20,"MB",384.528224498028
2020-06-21,"MB",400.025429995606
2020-06-22,"MB",415.303043649071
2020-06-23,"MB",430.315875527324
2020-06-24,"MB",445.020961961967
2020-06-25,"MB",459.377565547305
2020-06-26,"MB",473.347175140348
2020-06-27,"MB",486.893505860809
2020-06-28,"MB",499.982499091104
2020-06-29,"MB",512.582322476351
2020-06-30,"MB",524.663369924375
2020-07-01,"MB",536.198261605702
2020-07-02,"MB",547.161843953561
2020-07-03,"MB",557.531189663885
2020-07-04,"MB",567.285597695312
2020-07-05,"MB",576.40659326918
2020-07-06,"MB",584.877927869535
2020-07-07,"MB",592.685579243121
2020-07-08,"MB",599.81775139939
2020-07-09,"MB",606.264874610495
2020-07-10,"MB",612.019605411293
2020-07-11,"MB",617.076826599344
2020-07-12,"MB",621.433647234913
2020-07-13,"MB",625.089402640967
2020-07-14,"MB",628.045654403175
2020-07-15,"MB",630.306190369913
2020-07-16,"MB",631.877024652258
2020-07-17,"MB",632.766397623991
2020-07-18,"MB",632.984775921595
2020-07-19,"MB",632.54485244426
2020-07-20,"MB",631.461546353874
2020-07-21,"MB",629.752003075035
2020-07-22,"MB",627.435594295038
2020-07-23,"MB",624.533917963885
2020-07-24,"MB",621.070798294282
2020-07-25,"MB",617.072285761637
2020-07-26,"MB",612.56665710406
2020-07-27,"MB",607.584415322367
2020-07-28,"MB",602.158289680076
2020-07-29,"MB",596.323235703409
2020-07-30,"MB",590.116435181292
2020-07-31,"MB",583.577296165352
2020-08-01,"MB",576.747452969921
2020-08-02,"MB",569.670766172036
2020-08-03,"MB",562.393322611435
2020-08-04,"MB",554.96343539056
2020-08-05,"MB",547.431643874557
2020-08-06,"MB",539.850713691275
2020-08-07,"MB",532.275636731265
2020-08-08,"MB",524.763631147785
2020-08-09,"MB",517.374141356793
2020-08-10,"MB",510.168838036952
2020-08-11,"MB",503.211599212608
2020-08-12,"MB",496.567865892759
2020-08-13,"MB",490.303304874142
2020-08-14,"MB",484.483511980461
2020-08-15,"MB",479.174010880072
2020-08-16,"MB",474.440253085988
2020-08-17,"MB",470.347617955875
2020-08-18,"MB",466.961412692055
2020-08-19,"MB",464.346872341502
2020-08-20,"MB",462.569159795847
2020-08-21,"MB",461.693365791372
2020-08-22,"MB",461.784508909017
2020-08-23,"MB",462.907535574375
2020-08-24,"MB",465.127320057691
2020-08-25,"MB",468.508664473869
2020-08-26,"MB",473.116298782464
2020-08-27,"MB",479.014880787685
2020-08-28,"MB",486.268996138397
2020-08-29,"MB",494.943158328121
2020-08-30,"MB",505.101808695028
2020-08-31,"MB",516.809316421947
2020-09-01,"MB",530.129978536359
2020-09-02,"MB",545.128019910402
2020-09-03,"MB",561.867593260866
2020-09-04,"MB",580.412779149196
2020-09-05,"MB",600.827585981492
2020-09-06,"MB",623.175950008507
2020-09-07,"MB",647.521735325651
2020-09-08,"MB",673.928733872986
2020-09-09,"MB",702.460665435229
2020-09-10,"MB",733.181177641751
2020-09-11,"MB",766.153845966578
2020-09-12,"MB",801.442173728391
2020-09-13,"MB",839.109592090524
2020-09-14,"MB",879.219460060966
2020-09-15,"MB",921.83506449236
2020-09-16,"MB",967.019620082004
2020-09-17,"MB",1014.83626937185
2020-09-18,"MB",1065.3480827485
2020-09-19,"MB",1118.61805844323
2020-09-20,"MB",1174.70912253194
2020-09-21,"MB",1233.6841289352
2020-09-22,"MB",1295.60585941824
2020-09-23,"MB",1360.53702359094
2020-09-24,"MB",1428.54025890782
2020-09-25,"MB",1499.67813066809
2020-09-26,"MB",1574.01313201557
2020-09-27,"MB",1651.60768393876
2020-09-28,"MB",1732.52413527082
2020-09-29,"MB",1816.82476268954
2020-09-30,"MB",1904.57177071739
2020-10-01,"MB",1995.82729172148
2020-10-02,"MB",2090.65338591358
2020-10-03,"MB",2189.11204135011
2020-10-04,"MB",2291.26517393215
2020-10-05,"MB",2397.17462740542
2020-10-06,"MB",2506.90217336032
2020-10-07,"MB",2620.50951123188
2020-10-08,"MB",2738.05826829979
2020-10-09,"MB",2859.60999968841
2020-10-10,"MB",2985.22618836673
2020-10-11,"MB",3114.96824514842
2020-10-12,"MB",3248.89750869179
2020-10-13,"MB",3387.07524549979
2020-10-14,"MB",3529.56263655611
2020-10-15,"MB",3676.41976166496
2020-10-16,"MB",3827.70252574275
2020-10-17,"MB",3983.46164315794
2020-10-18,"MB",4143.74262436707
2020-10-19,"MB",4308.58577591474
2020-10-20,"MB",4478.02620043368
2020-10-21,"MB",4652.09379664469
2020-10-22,"MB",4830.81325935663
2020-10-23,"MB",5014.2040794665
2020-10-24,"MB",5202.28054395935
2020-10-25,"MB",5395.05173590833
2020-10-26,"MB",5592.52153447466
2020-10-27,"MB",5794.68861490767
2020-10-28,"MB",6001.54644854477
2020-10-29,"MB",6213.08330281145
2020-10-30,"MB",6429.2822412213
2020-10-31,"MB",6650.12112337598
2020-11-01,"MB",6875.57260496525
2020-11-02,"MB",7105.60413776696
2020-11-03,"MB",7340.17796964703
2020-11-04,"MB",7579.2511445595
2020-11-05,"MB",7822.77550254645
2020-11-06,"MB",8070.69767973808
2020-11-07,"MB",8322.95910835268
2020-11-08,"MB",8579.49601669661
2020-11-09,"MB",8840.23942916432
2020-11-10,"MB",9105.11516623836
2020-11-11,"MB",9374.04384448936
2020-11-12,"MB",9646.94087657603
2020-11-13,"MB",9923.71647124517
2020-11-14,"MB",10204.2756333317
2020-11-15,"MB",10488.5181637585
2020-11-16,"MB",10776.3386595368
2020-11-17,"MB",11067.6265137656
2020-11-18,"MB",11362.2659156322
2020-11-19,"MB",11660.1358504119
2020-11-20,"MB",11961.1100994682
2020-11-21,"MB",12265.0572402525
2020-11-22,"MB",12571.8406463045
2020-11-23,"MB",12881.3184872517
2020-11-24,"MB",13193.34372881
2020-11-25,"MB",13507.7641327832
2020-11-26,"MB",13824.4222570633
2020-11-27,"MB",14143.1554556302
2020-11-28,"MB",14463.7958785521
2020-11-29,"MB",14786.1704719852
2020-11-30,"MB",15110.1009781738
2020-12-01,"MB",15435.4039354502
2020-12-02,"MB",15761.8906782349
2020-12-03,"MB",16089.3673370365
2020-12-04,"MB",16417.6348384515
2020-12-05,"MB",16746.4889051648
2020-12-06,"MB",17075.720055949
2020-12-07,"MB",17405.1136056652
2020-12-08,"MB",17734.4496652622
2020-12-09,"MB",18063.5031417773
2020-12-10,"MB",18392.0437383354
2020-12-11,"MB",18719.8359541499
2020-12-12,"MB",19046.6390845221
2020-12-13,"MB",19372.2072208414
2020-12-14,"MB",19696.2892505853
2020-12-15,"MB",20018.6288573194
2020-12-16,"MB",20338.9645206974
2020-12-17,"MB",20657.0295242103
2020-12-18,"MB",20972.5539002319
2020-12-19,"MB",21285.2731943483
2020-12-20,"MB",21594.9326886641
2020-12-21,"MB",21901.2875257894
2020-12-22,"MB",22204.1027088397
2020-12-23,"MB",22503.1531014362
2020-12-24,"MB",22798.2234277052
2020-12-25,"MB",23089.1082722788
2020-12-26,"MB",23375.6120802945
2020-12-27,"MB",23657.5491573953
2020-12-28,"MB",23934.7436697297
2020-12-29,"MB",24207.0296439515
2020-12-30,"MB",24474.2509672202
2020-12-31,"MB",24736.2613872008
2021-01-01,"MB",24992.9245120636
2021-01-02,"MB",25244.1138104845
2021-01-03,"MB",25489.7126116448
2021-01-04,"MB",25729.6141052315
2021-01-05,"MB",25963.7213414368
2021-01-06,"MB",26191.9472309585
2021-01-07,"MB",26414.214545
2021-01-08,"MB",26630.4559152701
2021-01-09,"MB",26840.6138339829
2021-01-10,"MB",27044.6406538583
2021-01-11,"MB",27242.4985881215
2021-01-12,"MB",27434.1597105032
2021-01-13,"MB",27619.6059552395
2021-01-14,"MB",27798.8291170723
2021-01-15,"MB",27971.8308512487
2021-01-16,"MB",28138.6226735212
2021-01-17,"MB",28299.2259601481
2021-01-18,"MB",28453.671947893
2021-01-19,"MB",28602.0017340249
2021-01-20,"MB",28744.2662763186
2021-01-21,"MB",28880.5263930539
2021-01-22,"MB",29010.8527630165
2021-01-23,"MB",29135.3259254975
2021-01-24,"MB",29254.0362802933
2021-01-25,"MB",29367.084087706
2021-01-26,"MB",29474.579468543
2021-01-27,"MB",29576.6424041174
2021-01-28,"MB",29673.4027362475
2021-01-29,"MB",29765.0001672574
2021-01-30,"MB",29851.5842599764
2021-01-31,"MB",29933.3144377395
2021-02-01,"MB",30010.3599843871
2021-02-02,"MB",30082.900044265
2021-02-03,"MB",30151.1236222246
2021-02-04,"MB",30215.2295836228
2021-02-05,"MB",30275.4266543218
2021-02-06,"MB",30331.9334206895
2021-02-07,"MB",30384.9783295992
2021-02-08,"MB",30434.7996884296
2021-02-09,"MB",30481.6456650651
2021-02-10,"MB",30525.7742878954
2021-02-11,"MB",30567.4534458157
2021-02-12,"MB",30606.9608882267
2021-02-13,"MB",30644.5842250346
2021-02-14,"MB",30680.6209266512
2021-02-15,"MB",30715.3783239935
2021-02-16,"MB",30749.1736084843
2021-02-17,"MB",30782.3338320516
2021-02-18,"MB",30815.1959071292
2021-02-19,"MB",30848.1066057271
2021-02-20,"MB",30881.4203337883
2021-02-21,"MB",30915.4837430347
2021-02-22,"MB",30950.6250337576
2021-02-23,"MB",30987.1533742546
2021-02-24,"MB",31025.3589008307
2021-02-25,"MB",31065.5127177973
2021-02-26,"MB",31107.8668974728
2021-02-27,"MB",31152.6544801824
2021-02-28,"MB",31200.089474258
2021-03-01,"MB",31250.3668560384
2021-03-02,"MB",31303.6625698694
2021-03-03,"MB",31360.1335281032
2021-03-04,"MB",31419.9176110992
2021-03-05,"MB",31483.1336672234
2021-03-06,"MB",31549.8815128486
2021-03-07,"MB",31620.2419323546
2021-03-08,"MB",31694.2766781278
2021-03-09,"MB",31772.0284705615
2021-03-10,"MB",31853.5209980559
2021-03-11,"MB",31938.7589170179
2021-03-12,"MB",32027.7278518613
2021-03-13,"MB",32120.3943950065
2021-03-14,"MB",32216.7061068811
2021-03-15,"MB",32316.5915159191
2021-03-16,"MB",32419.9601185616
2021-03-17,"MB",32526.7023792565
2021-03-18,"MB",32636.6897304582
2021-03-19,"MB",32749.7745726284
2021-03-20,"MB",32865.7902742351
2021-03-21,"MB",32984.5511717536
2021-03-22,"MB",33105.8525696657
2021-03-23,"MB",33229.47074046
2021-03-24,"MB",33355.1629246322
2021-03-25,"MB",33482.6673306845
2021-03-26,"MB",33611.7031351261
2021-03-27,"MB",33741.9704824729
2021-03-28,"MB",33873.1504852477
2021-03-29,"MB",34004.9052239801
2021-03-30,"MB",34136.8777472065
2021-03-31,"MB",34268.69207147
2021-04-01,"MB",34399.9531813208
2021-04-02,"MB",34530.2470293155
2021-04-03,"MB",34659.140536018
2021-04-04,"MB",34786.1815899986
2021-04-05,"MB",34910.8990478347
2021-04-06,"MB",35032.8027341102
2021-04-07,"MB",35151.3834414162
2021-04-08,"MB",35266.1129303503
2021-04-09,"MB",35376.4439295171
2021-04-10,"MB",35481.8101355279
2021-04-11,"MB",35581.6262130009
2021-04-12,"MB",35675.287794561
2021-04-13,"MB",35762.1714808401
2021-04-14,"MB",35841.6348404767
2021-04-15,"MB",35913.0164101162
2021-04-16,"MB",35975.6356944109
2021-04-17,"MB",36028.7931660199
2021-04-18,"MB",36071.7702656089
2021-04-19,"MB",36103.8294018506
2021-04-20,"MB",36124.2139514245
2021-04-21,"MB",36132.1482590169
2021-04-22,"MB",36126.837637321
2021-04-23,"MB",36107.4683670366
2021-04-24,"MB",36073.2076968704
2020-04-04,"ON",4613.85111654426
2020-04-05,"ON",4844.51241572971
2020-04-06,"ON",5103.26737221583
2020-04-07,"ON",5388.58196428893
2020-04-08,"ON",5698.95317220489
2020-04-09,"ON",6032.90897818915
2020-04-10,"ON",6389.00836643671
2020-04-11,"ON",6765.84132311215
2020-04-12,"ON",7162.02883634961
2020-04-13,"ON",7576.22289625279
2020-04-14,"ON",8007.10649489497
2020-04-15,"ON",8453.39362631897
2020-04-16,"ON",8913.8292865372
2020-04-17,"ON",9387.18947353163
2020-04-18,"ON",9872.28118725379
2020-04-19,"ON",10367.9424296248
2020-04-20,"ON",10873.0422045352
2020-04-21,"ON",11386.4805178454
2020-04-22,"ON",11907.1883773851
2020-04-23,"ON",12434.1277929537
2020-04-24,"ON",12966.29177632
2020-04-25,"ON",13502.7043412226
2020-04-26,"ON",14042.4205033696
2020-04-27,"ON",14584.5262804385
2020-04-28,"ON",15128.1386920766
2020-04-29,"ON",15672.4057599006
2020-04-30,"ON",16216.5065074968
2020-05-01,"ON",16759.6509604211
2020-05-02,"ON",17301.0801461989
2020-05-03,"ON",17840.0660943254
2020-05-04,"ON",18375.9118362649
2020-05-05,"ON",18907.9514054518
2020-05-06,"ON",19435.5498372896
2020-05-07,"ON",19958.1031691517
2020-05-08,"ON",20475.038440381
2020-05-09,"ON",20985.8136922897
2020-05-10,"ON",21489.91796816
2020-05-11,"ON",21986.8713132433
2020-05-12,"ON",22476.2247747607
2020-05-13,"ON",22957.560401903
2020-05-14,"ON",23430.4912458303
2020-05-15,"ON",23894.6613596724
2020-05-16,"ON",24349.7457985288
2020-05-17,"ON",24795.4506194683
2020-05-18,"ON",25231.5128815294
2020-05-19,"ON",25657.7006457203
2020-05-20,"ON",26073.8129750185
2020-05-21,"ON",26479.6799343712
2020-05-22,"ON",26875.1625906951
2020-05-23,"ON",27260.1530128767
2020-05-24,"ON",27634.5742717718
2020-05-25,"ON",27998.3804402058
2020-05-26,"ON",28351.5565929739
2020-05-27,"ON",28694.1188068404
2020-05-28,"ON",29026.1141605397
2020-05-29,"ON",29347.6207347754
2020-05-30,"ON",29658.7476122208
2020-05-31,"ON",29959.6348775188
2020-06-01,"ON",30250.4536172818
2020-06-02,"ON",30531.4059200917
2020-06-03,"ON",30802.7248765001
2020-06-04,"ON",31064.6745790281
2020-06-05,"ON",31317.5501221664
2020-06-06,"ON",31561.6776023753
2020-06-07,"ON",31797.4141180845
2020-06-08,"ON",32025.1469749247
2020-06-09,"ON",32245.2790416395
2020-06-10,"ON",32458.207684266
2020-06-11,"ON",32664.3217193106
2020-06-12,"ON",32864.0014124768
2020-06-13,"ON",33057.6184786659
2020-06-14,"ON",33245.5360819761
2020-06-15,"ON",33428.1088357034
2020-06-16,"ON",33605.6828023407
2020-06-17,"ON",33778.5954935788
2020-06-18,"ON",33947.1758703056
2020-06-19,"ON",34111.7443426062
2020-06-20,"ON",34272.6127697635
2020-06-21,"ON",34430.0844602575
2020-06-22,"ON",34584.4541717655
2020-06-23,"ON",34736.0081111625
2020-06-24,"ON",34885.0239345205
2020-06-25,"ON",35031.7707471092
2020-06-26,"ON",35176.5091033955
2020-06-27,"ON",35319.4910070436
2020-06-28,"ON",35460.9599109153
2020-06-29,"ON",35601.1507170697
2020-06-30,"ON",35740.2897767631
2020-07-01,"ON",35878.5948904494
2020-07-02,"ON",36016.2753077798
2020-07-03,"ON",36153.5317276028
2020-07-04,"ON",36290.5562979644
2020-07-05,"ON",36427.5326161078
2020-07-06,"ON",36564.6357284739
2020-07-07,"ON",36702.0321307007
2020-07-08,"ON",36839.8797676235
2020-07-09,"ON",36978.3280332753
2020-07-10,"ON",37117.5177708862
2020-07-11,"ON",37257.5812728838
2020-07-12,"ON",37398.6422808931
2020-07-13,"ON",37540.8159857363
2020-07-14,"ON",37684.2090274332
2020-07-15,"ON",37828.9194952009
2020-07-16,"ON",37975.0369274537
2020-07-17,"ON",38122.6423118036
2020-07-18,"ON",38271.8080850598
2020-07-19,"ON",38422.5981332287
2020-07-20,"ON",38575.0677915145
2020-07-21,"ON",38729.2638443183
2020-07-22,"ON",38885.224525239
2020-07-23,"ON",39042.9795170726
2020-07-24,"ON",39202.5499518126
2020-07-25,"ON",39363.9484106498
2020-07-26,"ON",39527.1789239724
2020-07-27,"ON",39692.236971366
2020-07-28,"ON",39859.1094816135
2020-07-29,"ON",40027.7748326954
2020-07-30,"ON",40198.2028517894
2020-07-31,"ON",40370.3548152705
2020-08-01,"ON",40544.1834487111
2020-08-02,"ON",40719.6329268812
2020-08-03,"ON",40896.638873748
2020-08-04,"ON",41075.1283624761
2020-08-05,"ON",41255.0199154273
2020-08-06,"ON",41436.2235041612
2020-08-07,"ON",41618.6405494344
2020-08-08,"ON",41802.163921201
2020-08-09,"ON",41986.6779386125
2020-08-10,"ON",42172.0583700177
2020-08-11,"ON",42358.172623066
2020-08-12,"ON",42544.8862200952
2020-08-13,"ON",42732.0762360465
2020-08-14,"ON",42919.6342807075
2020-08-15,"ON",43107.4665105934
2020-08-16,"ON",43295.4936289474
2020-08-17,"ON",43483.6508857405
2020-08-18,"ON",43671.8880776711
2020-08-19,"ON",43860.1695481659
2020-08-20,"ON",44048.474187379
2020-08-21,"ON",44236.7954321923
2020-08-22,"ON",44425.1412662158
2020-08-23,"ON",44613.5342197868
2020-08-24,"ON",44802.0113699708
2020-08-25,"ON",44990.6243405609
2020-08-26,"ON",45179.4393020778
2020-08-27,"ON",45368.5369717703
2020-08-28,"ON",45558.0126136148
2020-08-29,"ON",45747.9760383155
2020-08-30,"ON",45938.5516033044
2020-08-31,"ON",46129.8782127412
2020-09-01,"ON",46322.1093175134
2020-09-02,"ON",46515.4129152365
2020-09-03,"ON",46709.9715502534
2020-09-04,"ON",46905.982313635
2020-09-05,"ON",47103.65684318
2020-09-06,"ON",47303.2213234148
2020-09-07,"ON",47504.9164855935
2020-09-08,"ON",47708.9976076982
2020-09-09,"ON",47915.7345144385
2020-09-10,"ON",48125.4115772521
2020-09-11,"ON",48338.3277143041
2020-09-12,"ON",48554.7963904878
2020-09-13,"ON",48775.1456174238
2020-09-14,"ON",48999.7179534609
2020-09-15,"ON",49228.8705036755
2020-09-16,"ON",49462.9749198716
2020-09-17,"ON",49702.4174005814
2020-09-18,"ON",49947.5986910645
2020-09-19,"ON",50198.9340833084
2020-09-20,"ON",50456.8534160284
2020-09-21,"ON",50721.8010746676
2020-09-22,"ON",50994.2359913968
2020-09-23,"ON",51274.6316451146
2020-09-24,"ON",51563.4760614475
2020-09-25,"ON",51861.2718127495
2020-09-26,"ON",52168.5360181026
2020-09-27,"ON",52485.8003433166
2020-09-28,"ON",52813.6110009289
2020-09-29,"ON",53152.5287502049
2020-09-30,"ON",53503.1288971375
2020-10-01,"ON",53866.0012944475
2020-10-02,"ON",54241.7503415837
2020-10-03,"ON",54630.9949847223
2020-10-04,"ON",55034.3687167675
2020-10-05,"ON",55452.5195773513
2020-10-06,"ON",55886.1101528333
2020-10-07,"ON",56335.8175763011
2020-10-08,"ON",56802.3335275698
2020-10-09,"ON",57286.3642331826
2020-10-10,"ON",57788.6304664103
2020-10-11,"ON",58309.8675472513
2020-10-12,"ON",58850.8253424322
2020-10-13,"ON",59412.268265407
2020-10-14,"ON",59994.9751639495
2020-10-15,"ON",60599.7307771304
2020-10-16,"ON",61227.2998814334
2020-10-17,"ON",61878.4187477329
2020-10-18,"ON",62553.7950288852
2020-10-19,"ON",63254.107759729
2020-10-20,"ON",63980.0073570854
2020-10-21,"ON",64732.1156197574
2020-10-22,"ON",65511.0257285306
2020-10-23,"ON",66317.3022461728
2020-10-24,"ON",67151.4811174338
2020-10-25,"ON",68014.0696690459
2020-10-26,"ON",68905.5466097236
2020-10-27,"ON",69826.3620301637
2020-10-28,"ON",70776.937403045
2020-10-29,"ON",71757.6655830289
2020-10-30,"ON",72768.9108067588
2020-10-31,"ON",73811.0086928605
2020-11-01,"ON",74884.266241942
2020-11-02,"ON",75988.9618365934
2020-11-03,"ON",77125.3452413875
2020-11-04,"ON",78293.6376028789
2020-11-05,"ON",79494.0314496045
2020-11-06,"ON",80726.6906920838
2020-11-07,"ON",81991.7506228181
2020-11-08,"ON",83289.3179162913
2020-11-09,"ON",84619.4706289695
2020-11-10,"ON",85982.2581993007
2020-11-11,"ON",87377.7014477157
2020-11-12,"ON",88805.7925766273
2020-11-13,"ON",90266.4951704303
2020-11-14,"ON",91759.7441955021
2020-11-15,"ON",93285.4460002023
2020-11-16,"ON",94843.4783148727
2020-11-17,"ON",96433.6902518373
2020-11-18,"ON",98055.9023054024
2020-11-19,"ON",99709.9063518566
2020-11-20,"ON",101395.465649471
2020-11-21,"ON",103112.314838498
2020-11-22,"ON",104860.159941173
2020-11-23,"ON",106638.678361714
2020-11-24,"ON",108447.518886321
2020-11-25,"ON",110286.301683176
2020-11-26,"ON",112154.618302442
2020-11-27,"ON",114052.031676268
2020-11-28,"ON",115978.076118781
2020-11-29,"ON",117932.257326092
2020-11-30,"ON",119914.052376295
2020-12-01,"ON",121922.909729466
2020-12-02,"ON",123958.249227663
2020-12-03,"ON",126019.462094924
2020-12-04,"ON",128105.910937274
2020-12-05,"ON",130216.929742716
2020-12-06,"ON",132351.823881237
2020-12-07,"ON",134509.870104807
2020-12-08,"ON",136690.316547377
2020-12-09,"ON",138892.38272488
2020-12-10,"ON",141115.259535232
2020-12-11,"ON",143358.109258332
2020-12-12,"ON",145620.06555606
2020-12-13,"ON",147900.233472278
2020-12-14,"ON",150197.689432831
2020-12-15,"ON",152511.481245547
2020-12-16,"ON",154840.628100235
2020-12-17,"ON",157184.120589006
2020-12-18,"ON",159540.925806577
2020-12-19,"ON",161910.010332111
2020-12-20,"ON",164290.351303578
2020-12-21,"ON",166680.936742878
2020-12-22,"ON",169080.765555837
2020-12-23,"ON",171488.847532208
2020-12-24,"ON",173904.203345673
2020-12-25,"ON",176325.86455384
2020-12-26,"ON",178752.873598246
2020-12-27,"ON",181184.283804353
2020-12-28,"ON",183619.159381552
2020-12-29,"ON",186056.575423163
2020-12-30,"ON",188495.617906431
2020-12-31,"ON",190935.38369253
2021-01-01,"ON",193374.980526559
2021-01-02,"ON",195813.527037548
2021-01-03,"ON",198250.152738452
2021-01-04,"ON",200683.998026155
2021-01-05,"ON",203114.214181467
2021-01-06,"ON",205539.963369126
2021-01-07,"ON",207960.418637797
2021-01-08,"ON",210374.763920075
2021-01-09,"ON",212782.194032479
2021-01-10,"ON",215181.914675457
2021-01-11,"ON",217573.142433385
2021-01-12,"ON",219955.104774565
2021-01-13,"ON",222327.040051228
2021-01-14,"ON",224688.197499532
2021-01-15,"ON",227037.837239562
2021-01-16,"ON",229375.230275331
2021-01-17,"ON",231699.658494778
2021-01-18,"ON",234010.414669772
2021-01-19,"ON",236306.802456108
2021-01-20,"ON",238588.136393507
2021-01-21,"ON",240853.741905621
2021-01-22,"ON",243102.955300027
2021-01-23,"ON",245335.123768229
2021-01-24,"ON",247549.605385661
2021-01-25,"ON",249745.769111681
2021-01-26,"ON",251922.994789577
2021-01-27,"ON",254080.673146565
2021-01-28,"ON",256218.205793785
2021-01-29,"ON",258335.005226309
2021-01-30,"ON",260430.494823133
2021-01-31,"ON",262504.108847181
2021-02-01,"ON",264555.292445307
2021-02-02,"ON",266583.501648289
2021-02-03,"ON",268588.203370834
2021-02-04,"ON",270568.875411577
2021-02-05,"ON",272525.00645308
2021-02-06,"ON",274456.096061832
2021-02-07,"ON",276361.65468825
2021-02-08,"ON",278241.203666679
2021-02-09,"ON",280094.275215389
2021-02-10,"ON",281920.412436581
2021-02-11,"ON",283719.169316381
2021-02-12,"ON",285490.110724844
2021-02-13,"ON",287232.81241595
2021-02-14,"ON",288946.861027609
2021-02-15,"ON",290631.854081658
2021-02-16,"ON",292287.39998386
2021-02-17,"ON",293913.118023906
2021-02-18,"ON",295508.638375417
2021-02-19,"ON",297073.602101922
2021-02-20,"ON",298607.67549468
2021-02-21,"ON",300110.649204681
2021-02-22,"ON",301582.507155126
2021-02-23,"ON",303023.430281463
2021-02-24,"ON",304433.796531394
2021-02-25,"ON",305814.18086487
2021-02-26,"ON",307165.355254092
2021-02-27,"ON",308488.28868351
2021-02-28,"ON",309784.147149827
2021-03-01,"ON",311054.293661993
2021-03-02,"ON",312300.288241211
2021-03-03,"ON",313523.887920934
2021-03-04,"ON",314727.046746862
2021-03-05,"ON",315911.915776949
2021-03-06,"ON",317080.843081399
2021-03-07,"ON",318236.373742663
2021-03-08,"ON",319381.249855445
2021-03-09,"ON",320518.410526699
2021-03-10,"ON",321650.991875628
2021-03-11,"ON",322782.327033687
2021-03-12,"ON",323915.946144579
2021-03-13,"ON",325055.57636426
2021-03-14,"ON",326205.141860933
2021-03-15,"ON",327368.763815054
2021-03-16,"ON",328550.760419329
2021-03-17,"ON",329755.646878711
2021-03-18,"ON",330988.135410408
2021-03-19,"ON",332253.135243875
2021-03-20,"ON",333555.752620817
2021-03-21,"ON",334901.290795192
2021-03-22,"ON",336295.250033206
2021-03-23,"ON",337743.327613315
2021-03-24,"ON",339251.417826227
2021-03-25,"ON",340825.611974899
2021-03-26,"ON",342472.198374539
2021-03-27,"ON",344197.662352604
2021-03-28,"ON",346008.686248802
2021-03-29,"ON",347912.149415091
2021-03-30,"ON",349915.12821568
2021-03-31,"ON",352024.896027028
2021-04-01,"ON",354248.923237843
2021-04-02,"ON",356594.877249085
2021-04-03,"ON",359070.622473962
2021-04-04,"ON",361684.220337935
2021-04-05,"ON",364443.929278713
2021-04-06,"ON",367358.204746256
2021-04-07,"ON",370435.699202775
2021-04-08,"ON",373685.262122731
2021-04-09,"ON",377115.939992833
2021-04-10,"ON",380736.976312043
2021-04-11,"ON",384557.811591572
2021-04-12,"ON",388588.083354882
2021-04-13,"ON",392837.626137684
2021-04-14,"ON",397316.47148794
2021-04-15,"ON",402034.847965862
2021-04-16,"ON",407003.181143914
2021-04-17,"ON",412232.093606806
2021-04-18,"ON",417732.404951503
2021-04-19,"ON",423515.131787217
2021-04-20,"ON",429591.487735412
2021-04-21,"ON",435972.883429801
2021-04-22,"ON",442670.926516348
2021-04-23,"ON",449697.421653267
2021-04-24,"ON",457064.370511022
2020-04-04,"QC",7247.67248549156
2020-04-05,"QC",7644.06262905837
2020-04-06,"QC",8091.67277996376
2020-04-07,"QC",8587.62451129728
2020-04-08,"QC",9129.09709110047
2020-04-09,"QC",9713.32748236682
2020-04-10,"QC",10337.6103430418
2020-04-11,"QC",10999.2980260229
2020-04-12,"QC",11695.8005791594
2020-04-13,"QC",12424.5857452528
2020-04-14,"QC",13183.1789620564
2020-04-15,"QC",13969.1633622756
2020-04-16,"QC",14780.1797735675
2020-04-17,"QC",15613.9267185414
2020-04-18,"QC",16468.1604147586
2020-04-19,"QC",17340.6947747323
2020-04-20,"QC",18229.4014059275
2020-04-21,"QC",19132.2096107615
2020-04-22,"QC",20047.1063866033
2020-04-23,"QC",20972.1364257739
2020-04-24,"QC",21905.4021155465
2020-04-25,"QC",22845.0635381459
2020-04-26,"QC",23789.3384707492
2020-04-27,"QC",24736.5023854853
2020-04-28,"QC",25684.888449435
2020-04-29,"QC",26632.8875246313
2020-04-30,"QC",27578.9481680591
2020-05-01,"QC",28521.576631655
2020-05-02,"QC",29459.3368623079
2020-05-03,"QC",30390.8505018585
2020-05-04,"QC",31314.7968870996
2020-05-05,"QC",32229.9130497757
2020-05-06,"QC",33134.9937165837
2020-05-07,"QC",34028.891309172
2020-05-08,"QC",34910.5159441413
2020-05-09,"QC",35778.835433044
2020-05-10,"QC",36632.8752823849
2020-05-11,"QC",37471.7186936202
2020-05-12,"QC",38294.5065631586
2020-05-13,"QC",39100.4374823603
2020-05-14,"QC",39888.7677375379
2020-05-15,"QC",40658.8113099556
2020-05-16,"QC",41409.9398758299
2020-05-17,"QC",42141.582806329
2020-05-18,"QC",42853.2271675731
2020-05-19,"QC",43544.4177206345
2020-05-20,"QC",44214.7569215375
2020-05-21,"QC",44863.9049212582
2020-05-22,"QC",45491.5795657247
2020-05-23,"QC",46097.5563958172
2020-05-24,"QC",46681.6686473677
2020-05-25,"QC",47243.8072511602
2020-05-26,"QC",47783.9208329309
2020-05-27,"QC",48302.0157133677
2020-05-28,"QC",48798.1559081104
2020-05-29,"QC",49272.4631277512
2020-05-30,"QC",49725.1167778337
2020-05-31,"QC",50156.3539588541
2020-06-01,"QC",50566.4694662599
2020-06-02,"QC",50955.815790451
2020-06-03,"QC",51324.8031167792
2020-06-04,"QC",51673.8993255483
2020-06-05,"QC",52003.6299920139
2020-06-06,"QC",52314.5783863837
2020-06-07,"QC",52607.3854738173
2020-06-08,"QC",52882.7485158627
2020-06-09,"QC",53141.395301083
2020-06-10,"QC",53384.0470752885
2020-06-11,"QC",53611.4131800041
2020-06-12,"QC",53824.191050231
2020-06-13,"QC",54023.0662144469
2020-06-14,"QC",54208.7122946061
2020-06-15,"QC",54381.7910061392
2020-06-16,"QC",54542.9521579536
2020-06-17,"QC",54692.8336524328
2020-06-18,"QC",54832.0614854372
2020-06-19,"QC",54961.2497463034
2020-06-20,"QC",55081.0006178446
2020-06-21,"QC",55191.9043763505
2020-06-22,"QC",55294.5393915874
2020-06-23,"QC",55389.4721267978
2020-06-24,"QC",55477.257138701
2020-06-25,"QC",55558.4370774927
2020-06-26,"QC",55633.5426868449
2020-06-27,"QC",55703.0928039065
2020-06-28,"QC",55767.5943593025
2020-06-29,"QC",55827.5423771347
2020-06-30,"QC",55883.4199749811
2020-07-01,"QC",55935.6983638964
2020-07-02,"QC",55984.8368484118
2020-07-03,"QC",56031.2828265349
2020-07-04,"QC",56075.4717897498
2020-07-05,"QC",56117.8273230172
2020-07-06,"QC",56158.7611047742
2020-07-07,"QC",56198.6729069344
2020-07-08,"QC",56237.9505948879
2020-07-09,"QC",56276.9701275014
2020-07-10,"QC",56316.0955571179
2020-07-11,"QC",56355.6790295571
2020-07-12,"QC",56396.0607841151
2020-07-13,"QC",56437.5691535644
2020-07-14,"QC",56480.5205641541
2020-07-15,"QC",56525.2195356099
2020-07-16,"QC",56571.9586811337
2020-07-17,"QC",56621.0187074043
2020-07-18,"QC",56672.6684145766
2020-07-19,"QC",56727.1646962823
2020-07-20,"QC",56784.7525396293
2020-07-21,"QC",56845.6650252023
2020-07-22,"QC",56910.1233270622
2020-07-23,"QC",56978.3367127467
2020-07-24,"QC",57050.5025432698
2020-07-25,"QC",57126.806273122
2020-07-26,"QC",57207.4214502704
2020-07-27,"QC",57292.5097161584
2020-07-28,"QC",57382.2208057062
2020-07-29,"QC",57476.6925473102
2020-07-30,"QC",57576.0508628435
2020-07-31,"QC",57680.4097676555
2020-08-01,"QC",57789.8713705723
2020-08-02,"QC",57904.5258738964
2020-08-03,"QC",58024.4515734068
2020-08-04,"QC",58149.7148583589
2020-08-05,"QC",58280.3702114848
2020-08-06,"QC",58416.460208993
2020-08-07,"QC",58558.0155205683
2020-08-08,"QC",58705.0549093724
2020-08-09,"QC",58857.5852320431
2020-08-10,"QC",59015.6014386949
2020-08-11,"QC",59179.0867270373
2020-08-12,"QC",59348.0177920342
2020-08-13,"QC",59522.3757201521
2020-08-14,"QC",59702.1484070929
2020-08-15,"QC",59887.3305674264
2020-08-16,"QC",60077.9237345907
2020-08-17,"QC",60273.9362608914
2020-08-18,"QC",60475.3833175023
2020-08-19,"QC",60682.2868944653
2020-08-20,"QC",60894.67580069
2020-08-21,"QC",61112.585663954
2020-08-22,"QC",61336.058930903
2020-08-23,"QC",61565.1448670506
2020-08-24,"QC",61799.8995567783
2020-08-25,"QC",62040.3859033355
2020-08-26,"QC",62286.6736288397
2020-08-27,"QC",62538.8392742764
2020-08-28,"QC",62796.9661994988
2020-08-29,"QC",63061.1445832284
2020-08-30,"QC",63331.4714230544
2020-08-31,"QC",63608.0505354339
2020-09-01,"QC",63890.9925556923
2020-09-02,"QC",64180.4149380227
2020-09-03,"QC",64476.4419554862
2020-09-04,"QC",64779.2047000118
2020-09-05,"QC",65088.8410823966
2020-09-06,"QC",65405.4958323056
2020-09-07,"QC",65729.3204982717
2020-09-08,"QC",66060.4734476958
2020-09-09,"QC",66399.1198668468
2020-09-10,"QC",66745.4317608615
2020-09-11,"QC",67099.5879537446
2020-09-12,"QC",67461.774088369
2020-09-13,"QC",67832.1826264753
2020-09-14,"QC",68211.0128486721
2020-09-15,"QC",68598.4708544361
2020-09-16,"QC",68994.7695621118
2020-09-17,"QC",69400.1287089117
2020-09-18,"QC",69814.7748509165
2020-09-19,"QC",70238.9413630743
2020-09-20,"QC",70672.8684392018
2020-09-21,"QC",71116.8030919832
2020-09-22,"QC",71570.9991529708
2020-09-23,"QC",72035.7172725849
2020-09-24,"QC",72511.2249201139
2020-09-25,"QC",72997.7963837137
2020-09-26,"QC",73495.7127704087
2020-09-27,"QC",74005.2620060908
2020-09-28,"QC",74526.7388355202
2020-09-29,"QC",75060.4448223249
2020-09-30,"QC",75606.6883490009
2020-10-01,"QC",76165.784616912
2020-10-02,"QC",76738.0556462903
2020-10-03,"QC",77323.8302762355
2020-10-04,"QC",77923.4441647155
2020-10-05,"QC",78537.239788566
2020-10-06,"QC",79165.5664434908
2020-10-07,"QC",79808.7802440615
2020-10-08,"QC",80467.2441237178
2020-10-09,"QC",81141.3278347674
2020-10-10,"QC",81831.4079483856
2020-10-11,"QC",82537.8678546162
2020-10-12,"QC",83261.0977623705
2020-10-13,"QC",84001.494699428
2020-10-14,"QC",84759.462446148
2020-10-15,"QC",85535.406497576
2020-10-16,"QC",86329.7188171858
2020-10-17,"QC",87142.7727989861
2020-10-18,"QC",87974.9232012325
2020-10-19,"QC",88826.5061464269
2020-10-20,"QC",89697.8391213182
2020-10-21,"QC",90589.2209769017
2020-10-22,"QC",91500.9319284195
2020-10-23,"QC",92433.2335553605
2020-10-24,"QC",93386.3688014602
2020-10-25,"QC",94360.5619747007
2020-10-26,"QC",95356.0187473109
2020-10-27,"QC",96372.9261557662
2020-10-28,"QC",97411.452600789
2020-10-29,"QC",98471.747847348
2020-10-30,"QC",99553.9430246589
2020-10-31,"QC",100658.150626184
2020-11-01,"QC",101784.464509632
2020-11-02,"QC",102932.959896959
2020-11-03,"QC",104103.693374366
2020-11-04,"QC",105296.702892304
2020-11-05,"QC",106512.007765467
2020-11-06,"QC",107749.608672798
2020-11-07,"QC",109009.487657486
2020-11-08,"QC",110291.608126967
2020-11-09,"QC",111595.914852922
2020-11-10,"QC",112922.333971282
2020-11-11,"QC",114270.772982221
2020-11-12,"QC",115641.120750163
2020-11-13,"QC",117033.247503776
2020-11-14,"QC",118447.004835977
2020-11-15,"QC",119882.225703927
2020-11-16,"QC",121338.724429035
2020-11-17,"QC",122816.296696959
2020-11-18,"QC",124314.719557599
2020-11-19,"QC",125833.751425106
2020-11-20,"QC",127373.132077875
2020-11-21,"QC",128932.582658548
2020-11-22,"QC",130511.805674016
2020-11-23,"QC",132110.484995413
2020-11-24,"QC",133728.285858123
2020-11-25,"QC",135364.854861775
2020-11-26,"QC",137019.819970245
2020-11-27,"QC",138692.790511655
2020-11-28,"QC",140383.357178374
2020-11-29,"QC",142091.09202702
2020-11-30,"QC",143815.548478453
2020-12-01,"QC",145556.261317785
2020-12-02,"QC",147312.74669437
2020-12-03,"QC",149084.502121812
2020-12-04,"QC",150871.00647796
2020-12-05,"QC",152671.72000491
2020-12-06,"QC",154486.084309005
2020-12-07,"QC",156313.522360834
2020-12-08,"QC",158153.438495233
2020-12-09,"QC",160005.218411286
2020-12-10,"QC",161868.229172321
2020-12-11,"QC",163741.819205916
2020-12-12,"QC",165625.318303892
2020-12-13,"QC",167518.03762232
2020-12-14,"QC",169419.269681515
2020-12-15,"QC",171328.28836604
2020-12-16,"QC",173244.348924706
2020-12-17,"QC",175166.687984507
2020-12-18,"QC",177094.527049411
2020-12-19,"QC",179027.088265795
2020-12-20,"QC",180963.602019412
2020-12-21,"QC",182903.30715842
2020-12-22,"QC",184845.450993382
2020-12-23,"QC",186789.289297264
2020-12-24,"QC",188734.086305438
2020-12-25,"QC",190679.114715682
2020-12-26,"QC",192623.655688177
2020-12-27,"QC",194566.998845509
2020-12-28,"QC",196508.44227267
2020-12-29,"QC",198447.292517055
2020-12-30,"QC",200382.864588466
2020-12-31,"QC",202314.481959108
2021-01-01,"QC",204241.47656359
2021-01-02,"QC",206163.18879893
2021-01-03,"QC",208078.967524545
2021-01-04,"QC",209988.170062261
2021-01-05,"QC",211890.162196309
2021-01-06,"QC",213784.318173321
2021-01-07,"QC",215670.020702336
2021-01-08,"QC",217546.6609548
2021-01-09,"QC",219413.638564561
2021-01-10,"QC",221270.361627871
2021-01-11,"QC",223116.24670339
2021-01-12,"QC",224950.71881218
2021-01-13,"QC",226773.21143771
2021-01-14,"QC",228583.166525851
2021-01-15,"QC",230380.034484882
2021-01-16,"QC",232163.274185484
2021-01-17,"QC",233932.352960745
2021-01-18,"QC",235686.746606157
2021-01-19,"QC",237425.939379615
2021-01-20,"QC",239149.424001422
2021-01-21,"QC",240856.701654284
2021-01-22,"QC",242547.281983311
2021-01-23,"QC",244220.68309602
2021-01-24,"QC",245876.431562331
2021-01-25,"QC",247514.062414569
2021-01-26,"QC",249133.119147464
2021-01-27,"QC",250733.153718153
2021-01-28,"QC",252313.726546173
2021-01-29,"QC",253874.40651347
2021-01-30,"QC",255414.770964394
2021-01-31,"QC",256934.405705697
2021-02-01,"QC",258432.90500654
2021-02-02,"QC",259909.871598485
2021-02-03,"QC",261364.916675502
2021-02-04,"QC",262797.659893963
2021-02-05,"QC",264207.729372648
2021-02-06,"QC",265594.761692737
2021-02-07,"QC",266958.40189782
2021-02-08,"QC",268298.303493889
2021-02-09,"QC",269614.12844934
2021-02-10,"QC",270905.547194977
2021-02-11,"QC",272172.238624005
2021-02-12,"QC",273413.890092037
2021-02-13,"QC",274630.197417089
2021-02-14,"QC",275820.864879581
2021-02-15,"QC",276985.605222341
2021-02-16,"QC",278124.139650599
2021-02-17,"QC",279236.19783199
2021-02-18,"QC",280321.517896555
2021-02-19,"QC",281379.846439535
2021-02-20,"QC",282410.945221598
2021-02-21,"QC",283414.637494349
2021-02-22,"QC",284390.840203912
2021-02-23,"QC",285339.565738697
2021-02-24,"QC",286260.921929399
2021-02-25,"QC",287155.112048995
2021-02-26,"QC",288022.434812749
2021-02-27,"QC",288863.284378206
2021-02-28,"QC",289678.150345199
2021-03-01,"QC",290467.617755842
2021-03-02,"QC",291232.367094535
2021-03-03,"QC",291973.174287964
2021-03-04,"QC",292690.910705094
2021-03-05,"QC",293386.543157181
2021-03-06,"QC",294061.133897759
2021-03-07,"QC",294715.840622652
2021-03-08,"QC",295351.916469963
2021-03-09,"QC",295970.710020084
2021-03-10,"QC",296573.665295688
2021-03-11,"QC",297162.321761733
2021-03-12,"QC",297738.314325463
2021-03-13,"QC",298303.373336404
2021-03-14,"QC",298859.324586368
2021-03-15,"QC",299408.08930945
2021-03-16,"QC",299951.68418203
2021-03-17,"QC",300492.221322773
2021-03-18,"QC",301031.908292626
2021-03-19,"QC",301573.048094824
2021-03-20,"QC",302118.039174882
2021-03-21,"QC",302669.375420603
2021-03-22,"QC",303229.646162071
2021-03-23,"QC",303801.536171658
2021-03-24,"QC",304387.825664016
2021-03-25,"QC",304991.390296086
2021-03-26,"QC",305615.201167089
2021-03-27,"QC",306262.324818533
2021-03-28,"QC",306935.923234209
2021-03-29,"QC",307639.253840194
2021-03-30,"QC",308375.669504847
2021-03-31,"QC",309148.618538812
2021-04-01,"QC",309961.644695019
2021-04-02,"QC",310818.387168679
2021-04-03,"QC",311722.580597292
2021-04-04,"QC",312678.055060637
2021-04-05,"QC",313688.736080781
2021-04-06,"QC",314758.644622074
2021-04-07,"QC",315891.897091151
2021-04-08,"QC",317092.70533693
2021-04-09,"QC",318365.376650614
2021-04-10,"QC",319714.31376569
2021-04-11,"QC",321144.014857931
2021-04-12,"QC",322659.073545392
2021-04-13,"QC",324264.178888413
2021-04-14,"QC",325964.115389619
2021-04-15,"QC",327763.762993919
2021-04-16,"QC",329668.097088506
2021-04-17,"QC",331682.188502857
2021-04-18,"QC",333811.203508734
2021-04-19,"QC",336060.403820182
2021-04-20,"QC",338435.146593533
2021-04-21,"QC",340940.884427401
2021-04-22,"QC",343583.165362685
2021-04-23,"QC",346367.632882567
2021-04-24,"QC",349300.025912516
